{
  "true_conflicts": {
    "count": 15,
    "mean": 0.7760993285391041,
    "std": 0.1027033870855184,
    "median": 0.7763791683170891,
    "min": 0.5611805959826824,
    "max": 0.9164007028119189,
    "samples": [
      0.7232628122645156,
      0.9074981075948921,
      0.8989131364541322,
      0.8634612067614773,
      0.7985188869728296,
      0.8357190834032663,
      0.6473195209064605,
      0.6538882724547117,
      0.9164007028119189,
      0.764946296288305,
      0.7763791683170891,
      0.7323086950349885,
      0.7547651118698177,
      0.5611805959826824,
      0.8069283309694755
    ]
  },
  "same_name_diff_topic": {
    "count": 15,
    "mean": 0.4607753720059677,
    "std": 0.08440762577029856,
    "median": 0.45867636078503127,
    "min": 0.2772200587862782,
    "max": 0.6457198892968499,
    "samples": [
      0.2772200587862782,
      0.6457198892968499,
      0.3720415178830791,
      0.49030493420246,
      0.5291097897529995,
      0.4602619167201923,
      0.4570821758244095,
      0.4039538856365362,
      0.4238324637798202,
      0.45867636078503127,
      0.5493812513366316,
      0.4392286208948782,
      0.5180779618628867,
      0.4717972169164096,
      0.41494253641105305
    ]
  },
  "best_threshold": 0.55,
  "best_accuracy": 0.9666666666666667
}